Country,GDP per capita,average Internet connexion speed,alchool consumption per capita,homocide rate,Military % of GDP,HDI,Democracy index,Equivalent to a 2-year degree or higher (%),Importance of religion,% Christian,Muslim percentage of total population,Buddhist population,Jewish population,"2019 mortality rate, under-5 (per 1000 live births)",Age of crime responsibility,minimum wage,external debt,income equality,total health expenditure,suicide rate,Fertility rate,tabacco consumption,Obesity rate,number of internet users,Median age,economic freedom,Oil production per capita,population growth rate,Life expectancy at birth,meat consumption (Kg per capita),incarceration rate per 10000,literacy rate,Women's age first marriage,Expenditure on education(% of GDP),"Homelessper 10,000",Milk consumption 2013 (kg/capita/yr),Papers per capita in ppm (2018),books published,kilocalories,"Average yearly temperature (1961-1990, Celsius)"
Afghanistan,470.0,92.04188321058541,0.2,6.7,2.6771338882569253,0.51,2.85,46.551340753879565,0.97,0.0,99.7,0.0,-2.0767681380186716,60.3,7.0,866.0,7.0,36.47196460836616,186.0,6.0,4.32,27.91763921611431,5.5,0.11,19.5,51.5,-26622.22488420061,2.41,63.2,7.94751270769892,87.0,20.3,18.0,4.1,340.57614451935115,62.23,3.01,2795.0,2354.1862127570266,12.6
Albania,5303.0,45.25,7.5,2.3,2.041563014553841,0.8,6.08,39.53193074542072,0.5,0.17,58.8,0.0,-0.4421912447589449,9.7,14.0,3277.0,66.0,33.2,697.0,3.7,1.6,34.2,21.7,0.73,34.3,66.5,7901.0,0.13,78.0,38.2,164.0,86.9,24.0,4.0,332.3000798738716,303.72,62.44,390.0,2890.0,11.4
Algeria,3976.0,51.86611132357592,0.9,1.4,2.286247951978803,0.75,3.77,42.24765591435019,0.95,0.0,99.7,0.0,0.05677384340526004,23.3,13.0,2010.0,2.0,27.6,963.0,2.6,2.99,22.4,27.4,0.62,28.9,46.2,33205.0,1.67,77.1,18.4,153.0,19.5,27.8,4.3,171.02598835139565,141.53,123.87,3955.0,3090.0,22.5
Angola,2671.0,86.15858309930559,6.4,4.8,2.1677525245600524,0.58,3.66,43.40913034657105,0.88,0.75,0.3,0.0,0.2231094765750612,74.7,14.0,764.0,41.0,51.3,165.0,12.6,5.44,17.328462165199923,8.2,0.14,15.9,50.6,61417.0,3.28,63.1,25.0,93.0,27.0,21.4,3.5,-267.2243083320043,12.3,0.97,22.0,1960.0,21.55
Argentina,10041.0,51.51,9.8,5.3,1.6041309649862558,0.85,6.95,38.84499491143981,0.65,0.77,0.9,0.0,1.1,9.3,16.0,8640.0,72.0,41.4,1990.0,8.1,2.25,46.2,28.3,0.76,32.4,52.2,11644.0,0.94,76.6,79.7,230.0,97.9,33.2,5.5,-31.03555452378555,195.08,198.62,28010.0,3030.0,14.8
Armenia,4623.0,62.26593023880781,5.5,1.7,2.1783878154969596,0.78,5.35,42.692548830946606,0.79,0.98,0.1,0.0,0.0,11.8,14.0,1698.0,102.0,34.4,1037.0,2.7,1.76,34.3,20.2,0.69,36.6,67.7,26593.35595989361,0.15,76.0,27.7,74.0,98.9,26.3,2.3,405.21560102311787,209.03,176.51,396.0,2260.0,7.15
Australia,54763.0,77.88,10.6,0.9,2.1,0.94,8.96,48.0,0.32,0.52,2.6,0.03,0.78,3.6,10.0,28734.0,130.0,34.4,5005.0,11.3,1.66,27.6,29.0,0.85,37.5,80.9,14040.0,1.3,83.0,108.2,160.0,53.790414885886904,30.5,5.3,49.1,234.49,2153.17,28234.0,3220.0,21.65
Austria,49701.0,117.31,11.6,1.0,1.7169940634688938,0.92,8.16,39.0,0.55,0.6,8.0,0.0,0.06,3.5,14.0,14434.12049850222,165.0,29.7,5879.0,10.4,1.46,48.1,20.1,0.86,44.5,72.0,1742.0,0.24,81.6,94.1,95.0,87.45343997892957,30.3,5.5,25.4,258.09,1390.33,8056.0,3750.0,6.35
Azerbaijan,4782.0,50.93566604368715,0.8,2.2,2.272773409998954,0.76,2.68,46.21263714144156,0.39,0.03,96.9,0.0,0.05,20.4,14.0,1765.0,22.0,26.6,634.0,4.0,1.8,28.1,19.9,0.78,32.6,65.4,85710.0,0.98,71.4,15.9,208.0,98.4,23.7,2.5,725.0,152.07,76.49,542.0,3020.0,11.95
Bahrain,23504.0,58.53,1.9,0.5,2.135082932032846,0.85,2.49,42.00357866385356,0.94,0.15,73.7,0.03,-3.429843463789531,6.9,10.05299190825055,10893.715667900819,66.0,40.37958873443676,1955.0,7.2,1.96,28.1,29.8,0.91,32.9,66.4,36000.0,4.26,75.8,70.7,234.0,42.3,26.3,2.3,-721.4405158417628,86.27031661104627,205.17,40.0,3024.0369101577753,27.15
Bangladesh,1846.0,36.02,0.0,2.4,1.6855786623423565,0.63,5.99,38.37140491511211,1.0,0.0,90.4,0.01,-1.502194866925791,30.8,9.0,214.0,12.0,32.4,110.0,3.9,2.01,51.5,3.6,0.78,27.9,55.6,25.0,1.04,74.3,3.1,48.0,39.4,25.0,2.0,307.0,21.91,19.43,48363.43574545748,2270.0,25.0
Barbados,18149.0,105.71,9.6,9.8,1.471265380683099,0.81,5.784559833516389,31.84813258741235,0.7726821252678263,0.74,1.5,0.0,1.419992113195967,12.7,14.029995893864221,6500.0,100.0,40.50088940303244,1204.0,0.3,1.62,10.5,23.1,0.82,39.5,64.7,3521.0,0.24,76.0,88.7,296.0,98.5,31.8,4.7,496.28674994282164,110.48,132.57,10138.18493219046,3020.0,26.0
Belarus,6674.0,68.73,11.2,2.4,2.052262462299593,0.82,2.59,41.97799599717025,0.34,0.55,0.75,0.0,0.06,3.2,14.0,0.0,66.0,25.2,1132.0,16.5,1.38,37.3,24.5,0.75,40.9,57.9,2637.0,-0.15,74.8,58.6,345.0,98.6,25.3,4.8,159.68251531180636,133.73,124.83,8205.0,3150.0,6.15
Belgium,46198.0,107.12,12.1,1.7,2.4772541988199794,0.93,7.51,43.0,0.33,0.65,7.6,0.0,0.18,3.4,12.0,21845.0,269.0,27.4,5405.0,13.9,1.57,29.9,22.1,0.87,41.6,67.3,13476.36564536544,0.58,81.4,86.1,95.0,87.49077068297444,30.0,6.5,114.63665890740822,236.19,1366.29,13913.0,3690.0,9.55
Belize,4884.0,49.44,6.7,37.8,1.8793021109984238,0.72,6.256920305285421,36.6845676855507,0.62,0.77,0.2,0.01,-0.29746383571752233,12.3,12.620318375848083,3861.0,75.0,53.3,506.0,7.7,2.27,31.174078086347677,24.1,0.46,23.9,55.4,5464.0,2.05,74.4,74.7,307.0,44.8,28.6,7.4,28.253640427006076,80.3,23.49,1769.2887455699092,2710.0,25.3
Benin,1220.0,97.91507121344358,3.0,1.1,2.0911854112525106,0.55,4.58,36.85328617134458,0.93,0.43,27.7,0.0,0.8454859957457472,90.3,12.032314980321885,819.0,26.0,47.8,83.0,12.7,4.77,17.1,9.6,0.14,17.0,55.3,19627.387169095804,2.73,63.4,16.2,70.0,7.0,18.7,4.0,58.2569451221932,8.4,19.85,84.0,2510.0,27.55
Bhutan,3361.0,115.19673690281599,0.6,1.2,1.9475624807684504,0.65,5.71,39.74824606903008,0.9325695782480863,0.01,0.2,0.75,-1.4331639252071966,28.5,10.0,639.0,108.0,37.4,322.0,5.1,1.95,57.62013225645932,6.4,0.52,29.1,62.9,-6930.790536164364,1.18,73.1,3.0,145.0,14.9,22.8,6.6,0.0,19.942041264600874,70.26,60881.28872158809,2289.534026122204,7.4
Bolivia,3552.0,52.99483565896713,4.8,6.2,2.610757239118721,0.72,5.08,39.212081213787556,0.89,0.89,0.1,0.0,0.0,26.0,14.0,4071.0,33.0,42.2,496.0,6.8,2.69,26.185947177990045,20.2,0.43,25.3,42.3,5334.0,1.47,72.1,50.0,164.0,67.5,24.1,7.3,252.74911747674332,46.04,9.07,1578.0,2100.0,21.55
Bosnia and Herzegovina,6109.0,44.85,6.4,1.2,2.1285556790015434,0.78,4.84,35.56352943885844,0.77,0.46,50.7,0.19409496055162762,0.0,5.9,14.0,2789.0,23.0,33.0,1301.0,8.3,1.25,46.3,17.9,0.7,43.3,61.9,3891.443565887166,-0.22,76.8,21.4,83.0,86.0,27.1,3.093173308539619,20.0,174.03,211.8,44960.93689023508,3080.0,9.85
Botswana,7961.0,64.34839548904387,8.4,15.2,2.469140901640249,0.74,7.62,33.748580732867836,0.77,0.72,0.4,0.0,0.0,41.6,11.801503194872918,1993.0,8.0,53.3,1089.0,20.2,2.84,32.1,18.9,0.42,25.7,69.5,36560.78822188242,1.79,62.2,27.3,208.0,40.7,26.4,7.8,94.02189178063327,117.74,124.66,158.0,2230.0,21.5
Brazil,8755.0,90.3,7.8,27.4,1.4,0.77,6.92,16.0,0.87,0.9,0.36,0.0,0.59,11.0,12.0,3625.0,38.0,53.9,1531.0,6.4,1.65,32.8,22.1,0.76,33.2,51.9,12113.0,0.75,75.9,82.4,357.0,74.3,30.0,6.2,10.0,149.28,287.15,46829.0,3120.0,24.95
Brunei,31086.0,138.22478636086782,0.4,0.5,2.61401991673178,0.84,5.171800367825243,31.408352131015576,0.8277857001144336,0.07,80.9,0.09,0.7322231914709079,11.4,11.587248230191793,812.3967232457799,0.0,32.95507629819983,1953.0,2.5,1.82,17.4,14.1,0.95,31.1,65.1,257959.0,1.25,74.3,17.96873551858411,186.0,61.6,25.1,4.4,318.8737077899227,70.47,685.37,91.0,2980.0,26.85
Bulgaria,9703.0,78.84,12.7,1.3,1.9236760641806274,0.82,6.71,35.985841463616545,0.34,0.85,13.4,0.0,0.01,6.7,14.0,4596.0,63.0,40.4,1634.0,6.5,1.58,49.6,25.0,0.64,43.7,69.0,140.0,-0.67,75.1,69.4,109.0,97.5,26.9,4.1,218.53745904856646,155.71,469.54,10068.0,2760.0,10.55
Burkina Faso,787.0,84.15654364681109,8.2,1.3,1.9850281213587104,0.45,3.73,36.081041378379524,0.88,0.22,63.2,0.0,0.23095252601597593,87.5,11.510243968675546,710.0,26.0,35.3,112.0,14.4,5.11,29.9,5.6,0.15,17.9,59.4,-14260.9561873661,2.87,62.7,11.2,37.0,8.4,17.9,4.2,335.0,29.79,12.76,12.0,2690.0,28.29
Burundi,260.0,72.41167628857181,7.5,6.1,1.963758716992455,0.43,2.14,41.40439459107668,0.98,0.75,10.0,0.07623151333660386,-0.3429420349624621,56.5,15.0,-1238.3415630852105,26.0,38.6,66.0,12.1,5.32,20.6,5.4,0.05,17.7,48.9,-20361.76593842404,3.15,63.8,3.5,96.0,24.9,20.3,4.8,208.8019866408115,4.6,2.0,-24036.585391752305,1680.0,19.8
Ivory Coast,2276.0,49.33,8.4,11.805065079160016,2.475188239953785,0.54,4.11,0.88,0.9870694008425505,0.33,42.9,0.0,-3.3817889394897875,79.3,10.0,750.0,24.0,41.5,176.0,15.7,4.59,20.4,10.3,0.43,20.3,62.4,1265.0,2.49,62.9,11.3,82.0,18.0,19.5,5.1,117.0,6.36,9.89,33561.48319084692,2500.0,26.35
Cambodia,1644.0,78.93676022580132,6.7,1.8,1.9446320763842326,0.59,3.1,40.70771060115443,0.96,0.01,2.0,0.98,0.5826943892950709,26.6,14.0,-559.9484811127331,57.0,38.90458092540261,261.0,5.5,2.48,44.4,3.9,0.34,26.4,57.8,-7167.719169351738,1.49,70.1,13.9,220.0,53.1,21.0,1.9,39.82007420949162,3.47,8.99,-8110.381556838285,2180.0,26.8
Cameroon,1534.0,90.68136252092467,8.9,1.4,2.2624986925681876,0.56,2.77,40.90549516458115,0.96,0.71,30.0,0.0,-1.4976710889801197,74.8,12.289312622405184,743.0,24.0,46.6,134.0,15.9,4.51,10.2,11.4,0.22,18.5,52.4,3983.0,2.56,62.4,14.4,124.0,26.1,19.0,3.1,389.0,15.27,34.74,5203.314956188144,2240.0,24.6
Canada,46550.0,167.61,8.9,1.8,1.4,0.93,9.24,59.0,0.42,0.67,3.2,0.01,2.5,4.9,12.0,21477.0,143.0,33.8,5200.0,10.3,1.47,37.9,29.4,0.92,41.8,77.7,100931.0,0.9,82.2,108.1,104.0,90.81528897181357,29.6,5.5,10.0,187.77,1617.5,14625.0,3530.0,-5.35
Central African Republic,468.0,111.54419800558986,3.3,20.1,1.9286143025604074,0.4,1.32,37.300083252783146,0.94,0.8,15.0,-0.012800527992895286,1.2793429600213173,110.1,11.000870734563069,777.0,39.0,56.2,97.0,23.0,4.65,20.562122426659357,7.5,0.04,20.0,49.1,-50305.29037276143,1.58,53.1,28.0,16.0,35.7,17.4,1.2,1421.0,13.53,4.29,12610.897837431869,1960.0,24.9
Chad,707.0,107.76329572197449,1.5,2.6119862851064912,2.066710879340164,0.4,1.55,37.00611610707719,0.95,0.35,58.0,0.0,0.6808909867907076,113.8,11.113717049505226,1229.0,18.0,43.3,79.0,13.2,5.65,15.4,6.1,0.06,16.1,49.9,7393.0,3.01,59.6,14.3,59.0,7.0,16.0,2.9,209.0,20.63,0.97,9635.640734598914,2010.0,26.55
Chile,14896.0,176.48,9.3,4.4,1.5850855237619363,0.85,8.28,27.0,0.7,0.68,0.1,0.0,0.12,7.0,14.0,5753.0,82.0,44.4,2306.0,8.0,1.63,53.4,28.0,0.79,35.5,75.4,247.0,0.78,80.7,66.4,210.0,89.9,32.6,5.4,7.4,116.11,380.26,5641.0,2960.0,8.45
China,10004.0,172.95,7.2,0.5,1.7,0.76,2.27,35.8,0.6497354298695645,-1.0220916348284295,1.73,0.18,0.02,7.9,12.0,1945.0,29.0,38.5,935.0,6.7,1.7,29.2,6.2,0.71,38.4,58.4,2836.0,0.39,77.4,52.4,121.0,73.9,24.9,4.0,18.0,32.66,370.02,208418.0,2990.0,6.95
Colombia,6432.0,53.73,5.8,25.3,2.3157808554843156,0.77,7.04,27.0,0.83,0.92,0.2,0.0,0.01,13.8,14.0,4427.0,57.0,50.4,1155.0,3.7,1.79,16.8,22.3,0.62,31.2,67.3,18452.0,0.81,79.3,33.9,194.0,81.4,22.3,4.5,971.0,108.47,144.88,17066.0,2690.0,24.5
Comoros,1370.0,81.09592546727839,0.9,-4.929584118290283,2.3266148321244717,0.55,3.09,45.80140494068881,0.97,0.02,98.3,0.23729006824492999,-0.9042317480092592,62.9,11.575762897867762,1502.0,21.0,45.3,134.0,8.5,4.14,43.7,7.8,0.08,20.9,55.4,29770.296928351454,2.24,67.4,7.6,27.0,12.8,20.4,2.5,100.60251532049256,11.15,3.6,2071.479454103188,1840.0,25.55
Congo,2304.0,80.98055770894462,7.8,6.756484215030523,2.145583720623595,0.48,1.13,35.47262166537217,0.94,0.92,2.0,0.0,-1.5550574244471562,47.8,14.396451435854349,265.0,13.0,48.9,125.0,11.6,4.37,11.2,6.7,0.09,16.7,50.3,-1799.972737483913,2.59,64.7,4.8,27.0,73.1,21.0,4.6,595.0,10.69,1.77,64.0,2570.0,24.0
Costa Rica,12238.0,47.93,4.8,11.3,1.749070937130357,0.81,8.16,28.0,0.79,0.82,0.1,0.0,0.02,8.6,12.0,6496.0,43.0,48.0,1337.0,7.6,1.74,18.2,25.7,0.7,32.6,65.3,27442.259344256192,0.96,80.8,40.4,374.0,90.4,25.7,7.4,6.6,183.28,101.41,2158.0,2820.0,24.8
Croatia,14627.0,57.3,8.9,0.6,2.4097731085718985,0.85,6.5,35.6542656257122,0.7,0.9,1.5,0.0,0.01,4.8,14.0,6795.0,89.0,30.4,1876.0,11.0,1.47,34.9,24.4,0.68,43.9,61.4,3223.0,-0.58,78.6,49.9,84.0,97.1,28.1,4.6,7.0,231.02,1029.01,5356.780254683457,2990.0,10.9
Cuba,9296.0,108.87084044743199,6.1,5.0,2.6594335020703745,0.78,2.84,34.10098226050081,0.34,0.65,0.1,0.0,0.0,5.1,16.0,1050.0,34.0,36.626749538173456,2519.0,10.2,1.6,47.5,24.6,0.5,42.1,27.8,4357.0,0.06,77.8,32.2,510.0,99.2,21.3,12.9,0.0,99.94,85.46,992.0,3420.0,25.2
Cyprus,28285.0,50.46,10.8,1.3,2.2296379912534245,0.89,7.56,34.25184526952768,0.75,0.79,25.3,0.0,0.0,2.3,14.0,11129.61003731504,849.0,31.4,2625.0,3.2,1.32,42.5,21.8,0.8,37.9,68.1,-23924.05579939473,0.78,83.1,131.3,86.0,93.8,29.0,6.4,62.535088778092586,113.31,1063.99,930.0,3190.0,18.45
Czech Republic,23452.0,85.89,14.4,0.6,2.077259386578252,0.9,7.67,31.0,0.21,0.34,0.15,0.0,0.03,3.2,15.0,7918.0,76.0,24.9,3041.0,9.5,1.71,34.8,26.0,0.78,43.3,73.7,220.0,0.06,79.1,77.3,179.0,92.0857731931464,29.8,5.6,22.0,195.2,1460.48,17330.0,3280.0,7.55
Denmark,60657.0,210.71,10.4,1.0,1.7073563762914272,0.94,9.15,44.0,0.19,0.79,5.4,0.0,0.04,3.8,15.0,16249.677848353342,158.0,28.7,5794.0,7.6,1.7,37.6,19.7,0.94,42.0,76.7,24369.0,0.38,81.3,145.9,68.0,72.01685863321609,32.0,7.6,11.0,277.3,2430.23,13096.0,3410.0,7.5
Dominican Republic,8282.0,60.180458486153384,6.9,10.0,2.4333200235470223,0.76,6.32,33.29429826796999,0.87,0.83,0.1,0.0,0.0,28.0,10.846105304960538,2915.0,36.0,43.7,1018.0,5.1,2.32,18.9,27.8,0.66,27.9,61.0,106313.25716513314,1.07,72.8,37.8,243.0,79.8,21.0,4.3,402.5648961298192,73.75,4.61,1866.0,2270.0,24.55
Ecuador,6184.0,64.44161698523408,4.4,5.8,2.2235524858836158,0.76,6.13,42.7123181461949,0.82,0.94,0.1,0.0,0.0,14.0,12.0,5525.0,57.0,45.4,955.0,7.7,2.4,30.156684191373486,19.9,0.56,28.8,46.9,33470.0,1.42,78.4,45.0,224.0,77.7,21.8,5.0,-172.77069599626134,139.6,125.38,2854.0,2300.0,21.85
Egypt,3161.0,39.66,0.4,2.6,2.447136562889673,0.71,2.93,39.23117066186997,0.97,0.1,92.35,0.0,0.0,20.3,12.0,3956.25916800704,34.0,31.5,614.0,3.4,3.28,21.5,32.0,0.56,24.1,52.5,6860.0,1.87,71.8,22.5,116.0,43.2,25.0,3.8,1200.0,59.46,135.41,12000.0,3160.0,22.1
El Salvador,4187.0,60.69029117236289,3.7,52.0,2.1861804896740393,0.67,5.9,38.477651783430645,0.7299889155109194,0.82,0.28,0.0,0.0,13.3,12.0,3650.0,56.0,38.6,592.0,6.1,2.02,19.1,24.6,0.31,27.7,61.8,-55260.60573627625,0.52,75.0,21.4,572.0,65.7,22.5,3.8,444.2858021412735,124.34,7.01,661.0,2580.0,24.45
Estonia,23740.0,78.58,11.6,2.1,1.5746451026047072,0.89,7.84,41.0,0.16,0.45,0.1,0.0,0.01,2.4,14.0,7626.0,89.0,30.4,2428.0,12.0,1.66,41.1,21.2,0.87,43.7,76.6,6600.2416312631685,-0.23,78.9,67.4,173.0,99.7,29.0,5.2,15.2,284.85,1069.6,3916.0,3140.0,5.1
Ethiopia,828.0,94.48228222355027,2.8,8.8,2.4169113171629855,0.49,3.38,45.16592236366142,0.8578809485663336,0.75,31.3,0.0,0.0,50.7,9.0,-517.5287771925141,32.0,35.0,67.0,9.5,4.15,6.8,4.5,0.18,19.8,53.6,-26816.732594373403,2.43,68.7,7.9,99.0,13.6,17.4,4.7,234.0,44.14,18.26,240.0,1950.0,22.2
Fiji,6185.0,77.32874327532909,3.0,6.186522220295559,2.5616413029988188,0.74,5.72,38.793645888797755,0.8383828143688409,0.64,6.3,0.0,1.5745894211614981,25.7,10.0,3096.0,18.0,36.7,372.0,9.5,2.75,32.7,30.2,0.51,29.9,62.2,67173.5077997318,0.72,68.0,39.1,274.0,51.77265607096156,27.7,3.9,416.2373843245214,40.2,158.46,401.0,3000.0,24.4
Finland,48678.0,119.32,10.7,1.6,1.7721251890546235,0.94,9.2,41.0,0.28,0.7,1.8,0.0,0.01,2.4,15.0,12191.100468733246,223.0,27.4,4457.0,13.4,1.35,29.1,22.2,0.88,42.8,74.9,8661.52074653405,0.36,81.6,67.4,53.0,85.54206642024178,31.2,6.9,8.8,430.76,1919.21,9368.0,3220.0,1.7
France,40319.0,192.25,12.6,1.2,2.1,0.9,7.99,45.0,0.3,0.6,8.8,0.01,2.9,4.5,13.0,21786.0,230.0,31.6,5250.0,9.7,1.87,34.6,21.6,0.92,41.7,63.8,253.0,0.39,82.5,101.1,93.0,79.26685902292172,30.8,5.4,45.0,241.31,1020.95,106799.0,3530.0,10.7
Gabon,7773.0,77.36505525349429,11.5,4.960668663907396,2.8608494848889707,0.7,3.54,40.58929899756675,0.790310889285505,0.88,10.0,0.09071930388797253,0.3707967823044882,42.5,11.83847760093563,3072.0,35.0,38.0,491.0,13.1,3.92,21.225910354252434,15.0,0.49,21.0,56.3,106528.0,2.17,66.5,46.0,241.0,60.6,20.4,2.7,43.96529828104008,30.16,30.2,3110.9652301715396,2710.0,25.05
Georgia,4439.0,106.67674699285328,9.8,2.2,2.140304163755232,0.81,5.31,35.495975942817154,0.81,0.89,10.7,0.08125275746262925,0.01,9.6,14.0,106.0,128.0,36.4,796.0,7.7,2.06,34.4,21.7,0.86,38.6,75.9,102.0,-0.27,73.3,26.0,245.0,99.1,26.6,3.8,760.0,149.26,137.4,581.0,2730.0,5.8
Germany,46232.0,120.93,13.4,0.9,1.4,0.95,8.67,30.0,0.4,0.55,6.55,0.0,0.74,3.8,14.0,22214.0,165.0,31.9,6098.0,8.3,1.54,33.6,22.3,0.94,47.8,73.5,571.0,0.2,81.7,82.1,69.0,104.35407324770199,30.9,4.8,81.9,258.7,1255.9,79916.0,3540.0,8.4
Ghana,2203.0,51.93,2.7,2.1,1.933461628295686,0.61,6.5,36.50180717381525,0.95,0.71,17.6,0.0,-0.013493458379123524,46.2,12.641104930364225,482.0,30.0,43.5,168.0,10.5,3.82,6.5,10.9,0.14,21.4,57.5,3564.0,2.16,66.3,9.9,43.0,34.9,21.7,3.6,32.9,9.08,45.24,28.0,2900.0,27.2
Greece,19604.0,36.73,10.4,0.9,1.9091638439160468,0.89,7.39,40.0,0.71,0.93,3.85,0.0,0.03,3.8,15.0,10389.0,298.0,34.4,2340.0,3.6,1.35,50.2,24.9,0.75,45.3,57.7,285.0,-0.21,81.1,78.7,107.0,92.5,29.9,4.1,37.1,255.26,1036.57,6826.0,3710.0,15.4
Guatemala,4363.0,51.330300152128416,2.4,22.5,2.3854308133450397,0.66,4.97,38.5831784497208,0.88,0.87,0.1,0.0,0.01,24.5,10.801182489494924,3941.0,28.0,48.3,483.0,6.2,2.82,20.62804631570947,21.2,0.4,23.2,62.6,544.0,1.94,72.0,23.8,139.0,50.7,21.3,2.8,315.0,46.6,5.8,1042.0,2150.0,23.45
Guinea,967.0,93.33367859943661,1.3,2.014342840858215,2.1392404711351753,0.48,3.08,38.91269771632355,0.97,0.09,89.1,0.0,0.5295728550541696,98.8,10.0,1489.1906375299295,20.0,33.7,109.0,12.3,4.63,24.824815925786226,7.7,0.12,19.1,55.7,21906.771265161107,2.57,61.0,6.5,28.0,13.1,16.5,2.2,264.7795665905122,20.62,2.26,-6994.855914172542,2550.0,25.7
Guinea-Bissau,688.0,59.21363655046275,4.8,1.1,2.2155500910290833,0.48,2.63,39.68585926848061,0.9845474744095224,0.1,45.1,-0.0039875853919501825,-1.8682825070904556,78.5,16.0,390.0,94.0,50.7,123.0,12.4,4.4,25.32144041628895,9.5,0.04,18.0,54.0,-22050.492773356265,2.44,60.2,13.0,10.0,19.5,20.9,2.1,282.66847459211385,19.88,8.0,-5509.107928315527,2270.0,26.75
Guyana,6610.0,45.37,6.3,14.2,2.8455728121830592,0.68,6.01,39.95908127538501,0.6788464535452325,0.64,7.3,0.0,-0.07423307644076971,29.3,12.593310745478945,2015.0,36.0,44.6,513.0,40.9,2.44,26.9,20.2,0.37,27.5,56.8,12752.953885912953,0.57,65.7,31.8,239.0,49.9,21.5,6.3,167.33794724388326,141.68,17.97,42.0,2740.0,26.0
Haiti,715.0,61.789564282491256,5.8,6.7,1.8956065000927564,0.51,4.22,43.94965621609835,0.85,0.96,0.1,0.0,-4.893220612781434,62.8,12.161849780882449,1075.0,24.0,41.1,144.0,11.2,2.89,12.4,22.7,0.12,24.1,52.7,28011.56742810353,1.2,64.1,15.3,97.0,8.5,23.7,2.5,34.0,18.98,2.61,-17689.494703270786,1850.0,24.9
Honduras,2575.0,55.89733687947842,4.0,38.9,2.056856432336944,0.63,5.36,33.9700075027918,0.860888979076554,0.88,0.3,0.0,1.007360937248606,16.8,10.080364057206669,2372.0,38.0,52.1,362.0,2.6,2.43,23.338876857577645,21.4,0.31,24.4,60.2,-42510.40903379157,1.63,71.9,24.7,237.0,66.3,21.2,6.0,1235.0,91.33,4.69,102.0,2610.0,23.5
Hungary,16879.0,193.8,11.4,2.5,1.9182610246750302,0.85,6.56,32.0,0.39,0.59,0.5,0.0,0.3,3.7,12.0,6647.0,160.0,30.6,2115.0,11.8,1.49,40.0,26.4,0.77,43.6,65.0,1426.0,-0.34,76.4,100.7,169.0,99.1,29.3,4.7,10.0,159.05,690.29,11645.0,3470.0,9.75
Iceland,71345.0,149.5227462873055,9.1,0.9,2.020824333115689,0.95,9.37,40.0,0.3708093364646039,0.75,0.2,0.0,2.625163705773751,2.0,15.0,13625.119622393962,81.0,26.8,5113.0,11.2,1.75,30.3,21.9,0.98,37.1,77.1,159719.40943736222,0.77,82.3,84.8,33.0,66.39023608912872,32.7,7.5,10.3,225.82,2022.49,1767.0,3260.0,1.75
India,2116.0,55.76,5.7,3.1,2.9,0.65,6.61,32.468641102115924,0.9,0.02,14.6,0.01,0.03,34.3,7.0,709.0,20.2,37.8,275.0,12.9,2.2,48.9,3.9,0.62,28.7,55.2,554.0,1.1,70.8,5.2,35.0,45.4,22.2,3.1,15.0,84.5,100.39,90000.0,2360.0,23.65
Indonesia,4136.0,20.510223044550628,0.8,0.4,2.9510946975338745,0.72,6.3,11.0,0.99,0.11,86.7,0.01,0.0,23.9,12.0,2477.0,37.0,39.0,375.0,2.6,2.29,41.8,6.9,0.79,31.1,65.8,3192.0,1.05,71.3,8.3,93.0,70.1,19.0,3.6,136.0,14.82,100.68,135081.0,2550.0,25.85
Iran,7282.0,110.63799231918904,1.0,2.5,2.54308084922088,0.78,2.2,31.599271374532613,0.73,0.0,99.4,0.0,0.05,13.9,12.0,1275.0,2.0,40.8,1691.0,5.1,2.15,21.4,25.8,0.96,31.7,51.1,49714.0,1.04,77.3,23.1,228.0,36.8,23.8,4.0,1.9,46.69,590.54,102691.0,3050.0,17.25
Iraq,5730.0,64.50237076831672,0.4,10.1,2.2783452394384396,0.67,3.62,41.93317302403797,0.84,0.03,95.7,0.0,0.8407123427771239,25.9,9.0,2538.0,44.0,29.5,716.0,4.7,3.6,28.0,30.4,0.49,21.2,60.73481132251776,119664.0,2.78,72.4,40.57494336301275,126.0,20.4,25.3,3.5,304.0,22.18,158.01,-13590.948463417706,2822.563872600713,21.4
Ireland,81637.0,112.81,13.0,0.9,1.5866607653310512,0.96,9.05,52.0,0.54,0.84,1.4,0.0,0.02,3.3,10.0,23395.0,701.0,32.8,5897.0,8.9,1.7,35.5,25.3,0.84,37.8,80.5,164349.65371175332,0.78,81.8,106.3,74.0,60.48694469806897,34.8,3.7,16.0,291.86,1488.79,23676.809183978883,3590.0,9.3
Israel,46376.0,147.36,3.8,1.5,5.6,0.92,7.84,46.0,0.51,0.04,18.0,0.0,40.0,3.7,12.0,17842.0,33.0,39.0,3207.0,5.2,3.01,31.3,26.1,0.81,30.4,72.8,47.0,1.55,82.6,97.1,234.0,79.8,25.0,5.8,29.0,193.6,1459.76,8411.0,3530.0,19.2
Italy,33090.0,90.93,7.5,0.6,1.6,0.89,7.74,25.0,0.72,0.83,4.8,0.0,0.17,3.1,14.0,10607.580156238299,141.0,35.9,3624.0,4.3,1.27,26.4,19.9,0.83,46.5,62.2,1189.0,-0.13,83.0,90.4,89.0,96.7,31.3,3.8,8.4,246.88,1175.05,61966.0,3650.0,13.45
Jamaica,5369.0,37.95,4.2,43.9,1.8004875117762689,0.73,7.13,31.624436361154217,0.7,0.65,0.2,0.0,0.0,13.9,13.361051407843135,2730.0,122.0,45.5,559.0,2.3,1.97,19.3,24.7,0.48,29.4,68.6,17304.39254305279,0.29,76.0,56.8,137.0,66.6,33.2,5.4,1041.5821928231594,91.13,55.88,-15289.508949877287,2840.0,24.95
Japan,40063.0,167.18,8.0,0.3,1.0,0.92,8.13,60.0,0.24,0.02,0.1,0.36,0.01,2.5,11.0,15646.0,96.0,32.9,4504.0,12.2,1.36,33.3,4.3,0.92,48.6,72.1,30.0,-0.23,84.67,45.9,38.0,78.05399951128962,29.3,3.6,0.3,72.06,776.66,139078.0,2800.0,11.15
Jordan,4405.0,67.35,0.7,1.4,2.598170188810296,0.73,3.62,35.00996805446046,0.96,0.06,97.2,0.0,1.501052785028989,15.6,11.19696322137203,5408.0,83.0,33.7,738.0,2.0,2.69,21.96747752471468,35.5,0.65,23.5,66.5,131411.6306083526,2.17,77.9,29.8,198.0,87.7,23.8,3.6,0.0,77.68,263.61,511.0,3000.0,18.3
Kazakhstan,9793.0,56.12,7.7,5.1,2.218401389924816,0.83,3.14,38.70250477576239,0.53,0.26,70.2,0.0,0.02,10.5,14.0,887.0,91.0,27.5,784.0,18.1,2.9,33.2,21.0,0.76,31.6,65.4,88686.0,1.13,74.0,44.8,157.0,99.5,24.3,2.8,0.6,288.12,129.21,1226.0,3510.0,6.4
Kenya,1817.0,64.0084123587443,3.4,4.9,2.301072945337678,0.6,5.05,41.9722105198106,0.94,0.85,11.2,0.0,0.0,43.2,8.0,755.0,26.0,40.8,179.0,11.0,3.42,18.7,7.1,0.17,20.0,55.1,14599.296909026918,2.49,66.1,14.3,81.0,54.0,20.2,5.2,73.3,94.86,24.26,300.0,2030.0,24.75
South Korea,32143.0,241.58,10.2,0.6,2.8,0.92,8.01,69.0,0.43,0.28,0.1,0.23,0.0,3.2,12.0,18695.0,33.0,31.6,3214.0,21.2,0.86,35.0,4.7,0.8905768080914438,43.2,72.3,-25147.324913968332,0.36,83.06,48.0,105.0,59.56892019121253,30.4,5.1,2.0,29.05,1297.12,63476.0,3040.0,11.5
Kuwait,31999.0,130.66,0.0,1.8,2.9980076092703136,0.81,3.8,44.66988913308798,0.91,0.15,74.6,0.03,-4.1391183413106845,7.9,7.0,2372.0,51.0,34.578964057280956,3669.0,2.7,2.08,26.3,37.9,0.98,29.7,60.8,721575.0,1.78,81.0,60.2,117.0,69.5,27.5,3.8,90.70705354721281,157.66,242.67,196.0,3030.0,25.35
Kyrgyzstan,1318.0,48.12,6.2,2.2,2.003810418037884,0.7,4.21,38.92971563460366,0.72,0.14,85.0,0.0,0.0,18.3,14.0,196.0,112.0,27.7,260.0,8.3,3.3,31.7,16.6,0.37,27.3,62.3,169.0,1.44,74.2,39.0,161.0,92.5,21.8,6.1,237.34472172090227,210.92,21.73,1455.0,2660.0,1.55
Laos,2625.0,43.98,10.4,-6.339972928124894,2.6394582880063675,0.61,1.77,39.942572128490035,0.97,0.02,0.1,0.66,-2.4222927466564173,45.5,15.0,1869.0,53.0,36.4,167.0,6.0,2.63,61.1,5.3,0.25,24.0,57.4,-25945.5116922842,1.45,68.5,15.0,130.0,58.6,20.5,2.9,382.2651469471689,2.92,12.32,88.0,2240.0,22.8
Latvia,17885.0,128.69,12.9,4.4,2.3393395771684276,0.87,7.24,40.0,0.39,0.75,0.15,0.0,0.03,3.6,14.0,6853.0,126.0,35.6,1896.0,16.1,1.61,40.5,23.6,0.82,44.4,70.4,23952.79499355622,-1.03,75.4,45.7,175.0,99.9,28.2,4.7,35.3,174.11,735.3,2910.0,2990.0,5.6
Lebanon,7784.0,90.73713319470181,1.5,2.5,2.0574275633971144,0.74,4.16,41.70905713367064,0.87,39.5,57.7,0.0,0.02677476206130791,7.2,13.16764597578771,5212.0,63.0,31.8,1086.0,2.8,2.08,44.1,32.0,0.69,33.7,51.1,6375.313266130281,0.57,76.4,63.1,205.0,60.2,28.8,2.5,42.68777700673422,114.52,258.91,3686.0,3090.0,16.4
Lesotho,1158.0,77.04805926623817,5.0,43.6,2.11619666133108,0.53,6.3,43.29067032458205,0.6271632830737247,0.9,0.1,0.0,-0.6597921754890663,86.4,10.809378135935788,978.0,53.0,44.9,309.0,87.5,3.11,23.5,16.6,0.32,24.7,53.1,-6843.639052355895,1.31,50.7,15.4,92.0,51.4,20.9,6.5,36.52196783326531,25.35,9.01,-245.9717630467494,2460.0,11.85
Liberia,523.0,106.14412729650365,5.8,3.3,2.263525171366477,0.48,5.32,41.268160230837445,0.94,0.86,20.0,0.0,3.206158308655489,84.6,13.532227962156984,774.0,51.0,35.3,12643.0,7.4,4.25,14.2,9.9,0.08,18.0,49.7,110291.75580803712,2.52,64.1,7.9,54.0,32.8,18.9,2.3,448.18716777711916,3.04,5.19,94885.227069465,2200.0,25.3
Libya,4810.0,67.32871296880256,0.0,3.338550219793442,2.6166500394754877,0.72,1.95,49.96934001943808,0.931224503519529,0.03,97.0,0.0,-3.070794705709588,11.5,14.0,3863.0,9.0,39.26896871591586,897.3064207818898,4.5,2.21,25.606985217277327,32.5,0.21,25.8,58.54132316152807,159383.0,1.33,75.8,28.6,139.0,24.2,29.2,2.3,405.0,75.0,24.26,26.0,3150.0,21.8
Lithuania,19795.0,132.67,15.0,4.6,1.7485101309218374,0.88,7.13,55.0,0.42,0.84,0.1,0.0,0.02,3.7,14.0,8054.0,74.0,37.3,2313.0,20.2,1.61,36.3,26.3,0.8,44.5,74.2,689.0,-0.55,76.0,49.5,216.0,99.8,27.3,4.0,14.1,295.46,809.28,3075.0,3430.0,6.2
Luxembourg,115481.0,154.26,13.0,0.3,1.6056704509548476,0.92,8.68,50.0,0.39,0.72,2.3,0.0,0.0,2.8,18.0,28438.0,22.1,34.9,6048.0,8.6,1.34,29.5,22.6,0.95,39.5,75.9,177883.68857171107,1.27,82.4,141.7,83.0,66.64556394587491,31.1,4.0,37.5,255.3,1438.16,2000.0,3680.0,8.65
Madagascar,523.0,41.4,1.9,1.6717242479876324,1.788755678445371,0.53,5.7,38.05231726390554,0.93,0.85,10.0,0.0,0.0,50.6,12.317120068535896,397.0,41.0,42.6,79.0,9.2,4.03,44.0,5.3,0.1,20.3,56.6,-32332.892244524905,2.67,65.3,17.6,102.0,49.4,18.4,2.8,-261.8693550538949,24.84,4.84,119.0,2130.0,22.65
Malawi,435.0,54.98612845274397,3.7,1.8,1.8858422021273054,0.48,5.74,39.57770278430702,0.99,0.82,20.0,0.0,0.28360135012879795,41.6,11.726540737570087,288.0,39.0,44.7,120.0,10.6,4.13,25.8,5.8,0.14,16.8,51.4,-25458.306969164638,2.87,65.6,5.1,71.0,35.1,17.9,4.0,-44.15462127585897,7.98,12.73,117.0,2150.0,21.9
Malaysia,11414.0,103.34,0.9,2.1,2.5754925726487627,0.81,7.19,32.387000906550156,0.96,0.09,61.3,0.2,1.79053621329939,8.6,10.0,2663.0,68.0,41.0,1194.0,5.8,1.98,28.9,15.6,0.8,29.2,74.0,21202.0,1.35,74.7,50.9,212.0,47.1,25.7,4.7,311.4275297304723,25.28,750.48,15354.0,2890.0,25.4
Mali,887.0,78.16380685840443,1.3,1.2478089952631315,1.8825771788010988,0.43,3.93,32.511107821155555,0.95,0.02,95.0,0.0,3.9414890600839954,94.0,10.454062264459,583.0,26.0,33.0,90.0,8.0,5.79,13.0,8.6,0.12,16.1,58.1,28179.256863480783,2.99,62.8,19.0,33.0,13.6,16.7,3.1,164.0,98.68,4.72,14.0,2590.0,28.25
Malta,33752.0,134.48,8.1,1.6,2.182784750326464,0.9,7.68,38.94506319787707,0.86,0.92,2.6,0.0,0.0,7.0,11.801275458176313,10668.0,691.0,29.2,3897.0,5.3,1.1,33.9,28.9,0.79,42.3,68.6,68067.71007884957,0.31,81.9,86.9,153.0,85.8,29.2,5.3,121.53577403625945,190.06,960.73,404.0,3600.0,19.2
Mauritania,1678.0,83.20519580450792,0.0,5.757603135853825,1.868701704861162,0.55,3.92,39.6211218880763,0.98,0.0,99.9,0.01939479232104649,1.7513051037581278,72.9,7.0,981.0,76.0,32.6,190.0,5.5,4.5,23.976493076399024,12.7,0.21,21.0,55.7,55254.16353899613,2.69,68.4,29.9,53.0,26.6,19.0,2.6,202.6633616121337,160.82,4.54,-10798.815076130151,2810.0,27.65
Mauritius,11169.0,61.60891642078542,3.6,2.9,2.143793157809408,0.8,8.14,43.371727592041296,1.0505982324526715,0.32,17.3,0.0,-3.2912713559718085,16.0,10.950778734239908,2983.0,2007.0,36.8,1381.0,8.8,1.4,35.9,10.8,0.56,36.3,73.0,-59062.87207630242,0.23,74.1,39.6,218.0,64.6,25.4,4.8,-136.41965957824482,117.27,106.79,80.0,2930.0,22.4
Mexico,9849.0,48.35,6.5,29.1,2.146535305132385,0.78,6.07,21.0,0.73,0.89,0.01,0.0,0.25,14.2,12.0,3266.0,43.0,45.4,1066.0,5.3,2.1,24.1,28.9,0.69,29.3,64.7,17142.0,1.23,76.0,58.6,166.0,78.9,26.0,4.9,35.4,111.87,129.53,7521.0,3260.0,21.0
Moldova,2957.0,114.01,15.2,4.1,2.4418731180659963,0.75,5.78,42.39614853484184,0.72,0.95,0.4,0.13460797662677726,0.01,14.4,14.0,1895.0,70.0,25.7,480.0,12.2,1.27,24.5,18.9,0.6173376189458613,37.7,59.1,-33717.78879631456,-0.24,73.3,22.7,182.0,95.8,25.8,6.7,397.83215832003657,155.18,51.83,-4286.296622515656,2850.0,9.45
Mongolia,4295.0,43.67,7.4,6.2,1.556390271682643,0.74,6.48,44.48498194117791,0.842660979291592,0.01,5.0,0.55,2.726871380626214,15.6,14.0,1892.0,245.0,32.7,519.0,18.0,2.87,38.5,20.6,0.23,29.8,55.4,7739.0,1.5,68.1,108.8,154.0,94.6,26.0,4.1,-825.823478638539,139.82,44.48,285.0,2240.0,-0.7
Montenegro,8825.0,64.44,8.0,2.2,2.041962217478492,0.83,5.77,40.0041163198022,0.71,0.79,19.1,0.0,-0.4341766895690924,2.3,14.0,2645.0,151.0,39.0,1711.0,16.2,1.75,35.89439711076335,23.3,0.8,39.6,60.5,22098.74369159632,0.04,75.9,44.17033588203242,172.0,93.9,28.6,4.76061483946891,185.3988634766206,349.21,398.21,17344.33660839207,2700.0,10.55
Morocco,3282.0,95.36835801576547,0.6,1.4,2.1811518718262626,0.69,5.04,35.00614239315027,0.97,0.01,99.0,0.0,0.01,21.4,12.0,3736.0,46.0,39.5,467.0,7.3,2.38,23.4,26.1,0.61,29.1,62.9,4.0,1.26,73.0,20.6,238.0,34.1,25.5,5.4,479.30120202169144,54.68,140.36,3677.0,3260.0,17.1
Mozambique,504.0,55.92828491992941,2.4,3.5,2.5376136630920465,0.46,3.51,34.62971248721722,0.86,0.56,17.9,0.0,0.09266393240765325,74.2,16.0,576.0,72.0,54.0,118.0,23.2,4.78,27.8,7.2,0.21,17.0,48.6,-30808.623385538405,2.86,58.1,5.6,63.0,26.0,17.5,6.5,246.0,4.79,4.71,9717.219930488529,2070.0,23.8
Myanmar,1421.0,115.6969084362238,4.8,2.3,1.9744983418704782,0.58,3.04,43.73060622073732,0.97,0.06,351.205335084589,0.9,-1.2811548394880674,44.7,7.0,672.0,17.0,30.7,292.0,3.0,2.14,63.3,5.894299793629999,0.31,30.030015009771255,53.6,284.0,0.9,69.1,10.7,171.0,58.2,20.5,2.2,93.7,31.48,4.3,3660.0,2338.0074022265676,13.05
Namibia,4957.0,89.66529128468039,9.8,17.7,1.6642548520412381,0.65,6.52,31.497903535945255,0.92,0.9,0.4,0.0,0.0,42.4,14.229173380257265,2106.1789829191184,64.0,59.1,883.0,13.5,3.34,27.0,17.2,0.38,21.8,58.7,-17249.413339559454,2.12,64.6,34.0,295.0,56.7,29.2,8.4,338.38366152642584,73.05,63.72,106.0,2360.0,19.95
Nepal,1074.0,87.21510097596428,2.0,2.3,2.4979692523283274,0.6,5.22,43.95356944188954,0.93,0.01,4.2,0.1,-2.0847355199549895,30.8,10.0,1430.0,16.0,32.8,180.0,9.8,1.88,64.2,4.1,0.36,25.3,53.8,-23565.993341257563,1.09,70.9,10.0,86.0,20.8,17.9,5.2,161.96594238934972,52.1,28.19,50193.101900093345,2340.0,8.1
Netherlands,53053.0,152.94,8.7,0.6,2.555101438595556,0.94,8.96,45.0,0.33,0.4,5.1,0.0,0.19,4.0,12.0,23315.0,453.0,28.5,5635.0,9.3,1.57,32.2,20.4,0.93,42.8,76.8,1070.0,0.29,81.8,89.3,63.0,78.0876491375733,30.9,5.5,21.0,341.47,1785.33,16502.0,3000.0,9.25
New Zealand,43264.0,153.88,10.7,0.7,2.369290597613489,0.93,9.25,39.0,0.33,0.37,0.9,0.02,0.05,4.7,10.0,27407.0,90.0,34.74328264976818,4024.0,10.3,1.72,29.6,30.8,0.9,37.2,84.4,7633.0,0.93,82.0,142.1,188.0,71.3159320980493,29.665878649347807,6.4,86.0,137.25,1663.25,3600.0,2810.0,10.55
Nicaragua,1913.0,69.35907735322485,5.2,7.2,2.498825531682214,0.66,3.6,44.11070334913414,0.7,0.85,0.1,0.0,-1.6907738813581403,16.6,13.0,1599.0,83.0,46.2,474.0,4.7,2.38,28.669379007826635,23.7,0.27,27.3,57.7,8907.676239116176,1.07,75.0,14.9,332.0,49.2,20.6,4.3,188.21903069257064,85.16,6.81,27.0,2420.0,24.9
Niger,555.0,74.40378197377004,0.5,4.4,2.056954993408752,0.39,3.29,36.836093992662725,1.0,0.01,98.3,-0.13954346059745085,3.546352276150884,80.4,10.182532135700217,615.0,36.0,34.3,78.0,10.1,6.82,7.9,5.5,0.1,14.8,51.6,631.0,3.81,63.3,11.2,47.0,13.7,15.7,3.5,282.7734961057595,58.92,2.45,-950.4682855637511,2390.0,27.15
Nigeria,2361.0,114.37890786513447,13.4,34.5,1.777757355343697,0.54,4.1,30.02601340270757,0.96,0.49,53.5,0.0,0.0,117.2,7.0,1108.0,2.0,35.1,233.0,6.9,5.32,7.3,8.9,0.7,18.6,57.3,10752.0,2.58,62.6,8.6,32.0,21.6,19.3,3.0030599469334787,1658.0,7.91,28.6,1314.0,2710.0,26.8
North Macedonia,6093.0,37.2,6.677371314513494,1.2,2.18784743589182,0.77,5.89,34.24160573200949,0.76,0.71,33.3,0.0,0.0,6.1,14.0,2293.0,73.0,34.2,1073.0,7.2,1.49,41.24900641015685,22.4,0.76,39.0,71.1,12332.336541350407,0.08,74.8,35.4,105.0,84.28030826658627,26.0,3.3,324.8088723196613,157.93,236.68,27730.407004381443,2851.790186591222,9.8
Norway,74986.0,159.99,7.5,0.5,2.213802148044863,0.96,9.81,48.0,0.22,0.77,3.2,0.01,0.01,2.4,15.0,10410.526528032511,181.0,27.0,6818.0,11.8,1.53,43.0,23.1,0.96,39.5,73.0,313661.0,0.94,82.6,61.7,49.0,64.88938469115806,31.9,8.0,7.0,261.34,2211.14,10204.0,3450.0,1.5
Oman,15343.0,57.53,0.8,0.3,3.059809528487002,0.81,3.0,36.53807951150888,1.0,0.07,86.0,0.01,-4.448290267182109,11.4,9.0,10143.0,35.0,39.19198465713717,1730.0,4.5,2.84,9.5,27.0,0.77,26.2,61.0,217178.0,4.08,73.9,49.8,45.0,41.9,24.8,6.8,-113.14344898435888,152.28,177.25,7.0,2896.273628469817,25.6
Pakistan,1187.0,58.04967455109693,0.3,3.9,2.130750584388063,0.56,4.31,39.061089292007644,0.92,0.02,96.5,0.0,0.32685263927543673,67.2,7.0,1539.0,43.0,33.5,178.0,0.6,3.45,41.5,8.6,0.56,22.0,55.0,400.0,1.91,65.6,12.3,38.0,27.1,18.3,2.9,943.0,183.13,60.8,3811.0,2280.0,20.2
Panama,15728.0,125.25,7.9,9.4,1.8987486308944197,0.82,7.18,39.083026389480025,0.88,0.92,0.7,0.0,0.06,14.9,12.0,3819.0,157.0,49.2,1857.0,2.9,2.44,16.9,22.7,0.57,30.1,67.2,78205.4081118243,1.55,79.3,54.5,420.0,80.9,21.6,4.1,-298.5619228192129,70.29,41.42,940.0,2450.0,25.4
Papua New Guinea,2845.0,70.02831014603066,1.2,7.548776809312433,1.8975662100900248,0.56,6.1,34.634356144853854,1.0055559783011119,0.97,0.1,0.0,1.8409870385411224,44.8,7.0,2161.0,111.0,41.9,101.0,3.6,3.52,28.201782668291244,21.3,0.11,24.0,58.4,7013.0,2.01,65.3,73.0,62.0,33.0,21.4,3.4728708164700626,257.10491756837405,70.70716157824114,7.44,122.0,2390.736571052877,25.25
Paraguay,5406.0,56.89,7.2,7.1,1.9553940950563753,0.73,6.18,32.488771792664494,0.92,0.96,0.1,0.0,0.01,19.4,14.0,4402.0,54.0,46.2,935.0,6.2,2.41,29.8,20.3,0.6,29.7,61.8,11443.66519383667,1.25,75.8,70.3,241.0,77.8,22.7,3.4,69.87002396535127,75.72,14.09,1007.0,2660.0,23.55
Peru,6978.0,51.81,6.3,7.9,1.9449847796411905,0.78,6.53,40.983098827353004,0.84,0.87,0.1,0.0,0.01,13.2,14.0,3344.0,44.0,42.8,767.0,2.7,2.23,33.9,19.7,0.49,29.1,67.8,1267.0,1.2,79.9,34.5,290.0,77.7,23.5,3.9,223.0,62.15,50.96,4101.0,2410.0,19.6
Philippines,3324.0,49.31,6.6,6.5,2.1276557863905268,0.72,6.56,35.02683059191217,0.96,0.85,8.0,0.0,0.0,27.3,15.0,2696.0,27.0,44.4,394.0,2.5,2.53,35.3,6.4,0.69,24.1,63.8,193.0,1.51,70.4,31.1,200.0,90.1,25.3,2.7,424.0,15.66,20.98,1507.0,2580.0,25.85
Poland,15727.0,130.98,11.6,0.7,2.280734440693605,0.88,6.85,43.0,0.75,0.94,0.02,0.0,0.03,4.4,13.0,9408.0,60.0,29.7,2015.0,9.3,1.42,40.8,23.1,0.92,41.9,67.8,525.0,-0.17,78.3,78.1,181.0,93.0,27.0,4.6,8.0,205.39,940.44,21130.0,3410.0,7.85
Portugal,23350.0,150.39,12.3,0.8,2.0253533680038434,0.86,7.9,33.0,0.72,0.84,0.4,0.01,0.0,3.7,16.0,9594.0,203.0,33.8,3242.0,7.2,1.42,25.3,20.8,0.74,44.6,65.3,-66327.18840057566,-0.39,81.6,91.1,111.0,80.5,31.0,4.9,3.0,205.04,1393.79,7868.0,3580.0,15.15
Qatar,64782.0,105.2,2.0,0.4,2.73899499388476,0.85,3.24,37.96263854132656,0.95,0.14,77.5,0.03,-2.7802018974874727,6.5,7.0,8862.101390181058,83.0,34.604733820488974,3166.0,4.7,1.85,15.6,35.1,0.91,33.7,72.6,500000.0,2.36,77.2,90.5,53.0,41.0,25.4,2.9,173.84981883255728,160.53512353826136,540.32,209.0,3107.382360112636,27.15
Romania,12914.0,214.33,12.6,1.3,2.4437996316077184,0.83,6.4,40.58957236047322,0.84,0.98,0.65,0.0,0.06,7.0,14.0,6513.0,58.0,36.0,1576.0,7.3,1.76,42.0,22.5,0.64,42.5,68.6,25469.0,-0.5,75.6,54.5,116.0,96.8,26.7,3.1,7.0,238.33,530.35,14984.0,3490.0,8.8
Russia,11606.0,87.01,11.7,8.2,4.3,0.82,3.31,58.0,0.34,0.62,44484.0,0.0,1.0,5.8,14.0,2371.0,32.0,37.5,1488.0,21.6,1.5,34.2,23.1,0.85,40.3,58.9,73292.0,0.01,73.2,51.0,325.0,99.2,24.9,3.7,4.0,163.57,559.78,115171.0,3320.0,-5.1
Rwanda,820.0,126.79718498640483,9.0,2.6,1.9415692799150666,0.54,3.1,44.852453215101775,0.95,0.94,4.8,0.26103156409099193,1.653102287366572,34.3,14.0,-907.8841054380246,29.0,43.7,170.0,9.5,3.99,20.2,5.8,0.22,19.7,71.1,-105855.01913541497,2.36,69.1,4.4,511.0,24.3,20.6,3.1,-43.45963007104365,7.23,13.82,43014.97657974923,2090.0,17.85
Saudi Arabia,23140.0,90.24,0.2,1.3,8.4,0.85,2.08,26.0,0.93,0.05,98.2,0.0,22.16841483173649,6.6,12.0,9600.0,31.0,29.472412151036835,3520.0,5.4,2.28,17.2,35.4,0.8,30.8,60.7,324866.0,1.9,74.3,44.6,207.0,51.4,20.4,5.6,-213.3564598464102,83.65,323.36,2387.0,3120.0,24.65
Senegal,1452.0,35.32,0.7,0.3,2.039233730823062,0.51,5.67,36.08175696733406,0.96,0.04,96.1,0.0,0.38722915124765933,45.3,13.0,649.0,42.0,40.3,146.0,11.0,4.56,14.7,8.8,0.3,19.4,56.3,-12743.622050428647,2.77,68.6,17.7,68.0,21.5,19.9,4.8,102.07724236528543,16.86,24.47,7831.300779862213,2280.0,27.85
Serbia,7359.0,77.88,11.1,1.2,1.9806011700473913,0.81,6.22,37.91648046097686,0.54,0.91,3.1,0.0,0.01,5.3,14.0,3410.0,62.0,36.2,1485.0,7.9,1.52,45.9,21.5,0.7,43.4,63.9,2272.0,-0.34,75.9,54.93885692279201,158.0,96.6,28.1,4.0,28.5,148.53,652.98,11897.0,2700.0,10.55
Seychelles,17382.0,97.45754274755996,13.8,12.5,2.2966596936856982,0.8,6.325064148913374,40.04867838715099,0.7041696534552406,0.95,1.1,0.0,-1.068579044290317,14.2,13.218620276674226,3957.0,180.0,46.8,1549.0,7.7,2.34,25.7,14.0,0.57,36.8,61.4,-2089.3169237572583,0.5,73.3,51.1,324.0,71.5,25.2,4.4,-231.88852594873674,79.23,102.99,16131.57994303148,2400.0,27.15
Sierra Leone,528.0,63.74838395676835,5.7,1.7,2.085842924726472,0.45,4.86,38.37168765522438,0.9092508939212367,0.15,78.6,0.0,-1.7614142528160102,109.2,14.0,666.0,36.0,35.7,257.0,11.3,4.17,37.0,8.7,0.13,19.1,47.5,-30383.614005725423,2.12,60.8,6.1,60.0,3.7,17.1,4.6,191.46583398093549,7.0,5.36,-28238.08940035582,2120.0,26.05
Singapore,64103.0,245.5,2.5,0.2,2.391825342547045,0.94,6.03,48.37200769939406,0.7,0.18,15.6,0.34,0.01,2.5,10.0,10023.876956316439,471.0,38.3575501240281,4439.0,9.7,1.14,16.6,6.1,0.84,35.6,89.4,147692.92391680263,1.4,83.2,71.1,185.0,84.0,25.658442704187102,2.9,151.54346615839336,104.67637369447522,1990.27,12000.0,2976.782229599373,26.45
Slovakia,19256.0,101.28,11.5,1.1,2.3448877879983057,0.86,6.97,31.0,0.47,0.8,0.15,0.0,0.02,5.8,14.0,8410.0,112.0,25.2,2180.0,9.3,1.56,32.1,20.5,0.82,41.8,65.0,37.0,0.04,78.2,67.4,190.0,102.02936859526653,28.1,3.9,-409.3270228760671,143.14,975.97,9400.0,2900.0,6.8
Slovenia,26062.0,108.47,12.6,0.5,2.1472060935639723,0.92,7.54,41.0,0.47,0.68,3.6,0.0,0.0,2.1,14.0,12153.0,104.0,24.2,3158.0,14.0,1.61,25.3,20.2,0.79,44.9,65.5,-54899.781329084595,0.07,81.3,88.0,53.0,99.3,29.0,4.8,18.3,235.01,1542.95,8198.523211330205,3220.0,8.9
South Africa,6001.0,43.91,9.3,36.4,2.09909956065935,0.71,7.05,14.0,0.85,0.8,1.9,0.0,0.43,34.5,12.0,3239.0,57.0,63.0,1129.0,23.5,2.38,38.1,28.3,0.55,28.0,58.3,35.0,1.2,65.3,39.0,248.0,72.1,29.0,6.2,36.0,55.75,225.1,5418.0,3000.0,17.75
Spain,29816.0,186.4,10.0,0.6,1.4407911232674966,0.9,8.12,41.0,0.49,0.59,2.6,0.0,0.07,3.1,14.0,15187.0,170.0,34.7,3576.0,5.3,1.24,37.5,23.8,0.91,43.9,65.7,57.0,0.03,83.2,118.6,122.0,94.7,32.3,4.2,6.4,164.29,1167.99,89962.0,3260.0,13.3
Sri Lanka,3940.0,96.55047247832982,4.3,2.4,2.24425660062722,0.78,6.14,45.02171015923933,1.0,0.08,9.7,0.69,-0.5780319294391418,7.1,12.0,671.0,68.0,39.8,517.0,12.9,2.19,28.3,5.2,0.34,33.7,56.4,27612.104301687097,0.35,76.9,6.6,135.0,81.0,23.8,2.8,-202.6066390570677,34.98,63.5,4115.0,2370.0,26.95
Sudan,815.0,52.547120694489024,0.5,5.1,1.915914407354455,0.51,2.54,45.562001553597554,0.93,0.02,97.0,0.0,0.05028847914459078,58.4,12.0,84.0,121.0,35.4,293.0,4.8,4.35,24.419115421732116,6.6,0.3,18.3,47.7,-725.2688288844074,2.38,69.1,21.0,52.0,24.3,22.7,2.2,623.0,155.2,9.52,6386.306733234203,2280.0,26.9
Suriname,6360.0,73.24705272147855,5.1,5.4,2.0022872214137646,0.74,6.82,41.05301708292788,0.8314910844054049,0.5,14.3,0.01,0.0,18.0,14.333227057838975,4035.2962944729225,30.0,57.6,1180.0,25.9,2.39,23.221664076017106,26.4,0.48,31.0,48.1,30465.0,0.87,71.5,40.3,183.0,76.0,29.3,5.563131873574967,76.50837011229464,48.97,29.51,47.0,2460.0,25.7
Sweden,52896.0,169.0,9.2,1.1,1.8098799999060144,0.95,9.26,46.0,0.17,0.64,8.1,0.0,0.1,2.6,15.0,12301.959833445377,169.0,28.8,5828.0,12.4,1.7,52.7,20.6,0.96,41.1,75.2,72653.84838496405,0.72,82.4,76.1,68.0,72.89572859169922,33.5,7.7,36.0,341.23,2047.91,4074.0,3110.0,2.1
Switzerland,85135.0,188.69,11.5,0.6,1.801233418520761,0.96,8.83,49.0,0.41,0.68,5.2,0.0,0.12,4.0,10.0,17563.164590532833,285.0,32.7,8114.0,9.8,1.48,28.5,19.5,0.93,42.7,81.9,157225.6027000295,0.83,83.92,72.9,80.0,69.06064150550253,30.1,5.1,6.0,318.69,2507.62,12156.0,3450.0,5.5
Syria,1194.0,86.98483488339065,0.3,0.9,1.8391024166249164,0.57,1.43,46.489396824610125,0.89,0.1,87.0,-0.0785734094948539,0.0,21.5,10.0,96.0,24.0,35.8,140.99759823935983,2.1,2.77,29.59787005527518,27.8,0.6447834296909536,23.5,64.92029635499182,1627.0,0.2,72.7,21.2,60.0,39.0,26.3,5.1,3753.0,111.43,16.23,1138.0,3040.0,17.75
Tajikistan,894.0,91.22290587050213,3.3,1.6,2.173818382984459,0.67,1.94,43.08260777139235,0.85,0.01,97.9,0.0,-0.11198464519126361,33.8,14.0,315.0,38.0,34.0,250.0,5.3,3.56,24.326147980890937,14.2,0.22,25.3,55.6,20.0,2.06,69.5,8.7,121.0,98.1,22.5,5.2,295.67819440252197,54.54,6.81,132.0,2190.0,2.0
Tanzania,1084.0,72.24707809398808,9.4,6.5,1.904195471585859,0.53,5.1,42.55168961422988,0.89,0.61,35.2,0.0,-1.4703760232830874,50.3,7.0,209.0,34.0,40.5,112.0,8.2,4.83,23.6,8.4,0.3653829009328249,18.2,60.2,12355.530472223763,3.06,67.3,10.0,59.0,43.5,18.9,3.4,155.1479748694726,40.29,10.71,172.0,2020.0,22.35
Thailand,7785.0,206.81,8.3,2.6,2.0754765624263305,0.78,6.04,45.10489107865021,0.97,0.01,5.4,0.93,0.0,9.0,7.0,3316.0,33.0,36.4,723.0,8.0,1.51,31.8,10.0,0.53,39.0,68.3,3667.0,0.22,77.7,27.9,449.0,78.7,21.0,4.1,0.4,29.35,181.72,6750.0,2540.0,26.3
Togo,899.0,81.8592257417676,3.1,7.596145929592816,2.1218566708007227,0.52,2.8,42.41033874933109,0.8,0.29,20.0,0.0,-2.675445074928568,66.9,12.501664969885091,717.0,26.0,43.1,109.0,14.8,4.26,12.2,8.4,0.12,20.0,50.3,3620.945393594273,2.45,64.3,8.5,67.0,20.4,22.3,5.0,211.0,7.96,10.9,-2205.1021053754375,2150.0,27.15
Trinidad and Tobago,16637.0,79.89,8.4,30.6,1.884809923634597,0.8,7.16,35.41366331952102,0.92,0.58,5.8,0.0,0.29333859211580204,17.5,12.237079531370213,4619.0,76.0,40.3,2100.0,8.3,1.71,22.305224679926738,18.6,0.76,37.8,57.0,44054.0,0.26,76.1,57.8,292.0,82.8,29.2,3.1,156.07224172136875,103.8,151.82,22937.872782090504,2700.0,25.75
Tunisia,3318.0,74.64178999270422,1.9,3.1,2.013263659217716,0.74,6.59,35.98401201364034,0.93,0.0,99.8,0.0,0.01,16.9,13.0,1902.0,97.0,32.8,912.0,3.2,2.17,39.7,26.9,0.55,32.7,55.4,4275.0,1.09,77.0,25.5,194.0,39.8,28.7,6.6,46.321838778472056,114.47,481.19,720.0,3330.0,19.2
Turkey,9127.0,75.84109226295726,2.0,2.6,1.9162042755773587,0.82,4.48,28.0,0.82,0.0,89.5,0.0,0.09,10.0,12.0,7288.0,63.0,41.9,1171.0,2.3,2.06,35.4,32.01,0.75,32.2,64.6,622.0,1.37,78.6,19.3,335.0,88.1,24.8,4.4,8.5,193.94,407.29,75667.0,3500.0,9.9
Turkmenistan,8124.0,121.94147334739483,5.4,4.2,1.7774715688661233,0.72,1.72,46.23437459578416,0.8,0.09,93.7,0.0,0.0,42.0,14.0,1834.0,1.0,40.8,1275.0,6.1,2.74,32.563850648361736,18.6,0.21,29.2,48.4,42549.0,1.61,69.7,41.7,552.0,97.6,23.3,3.0,-512.774826997711,137.09,0.68,450.0,2740.0,15.1
Uganda,737.0,55.78272500114309,9.5,10.5,2.0753085403032694,0.54,4.94,41.723672079051454,0.93,0.89,14.0,0.0,0.1020877607708357,45.8,12.0,417.0,24.0,42.8,139.0,10.4,4.82,25.2,5.3,0.24,15.7,59.7,-33790.67492882622,3.23,66.7,11.7,124.0,36.1,18.2,2.6,143.0,37.27,15.75,288.0,2220.0,22.8
Ukraine,3496.0,67.52,8.6,6.2,2.222773501172063,0.78,5.81,41.51901418622171,0.46,0.82,1.7,0.0,0.3,8.4,14.0,3018.0,81.0,26.1,683.0,17.7,1.23,38.8,24.1,0.67,41.2,52.3,720.0,-0.49,73.0,32.3,148.0,100.0,25.0,5.4,168.0,145.03,234.6,24416.0,3290.0,8.3
United Arab Emirates,43103.0,151.09,3.8,0.5,3.036990204910797,0.89,2.7,41.26115275426138,0.91,0.09,76.0,0.02,-3.3993219557878973,7.5,7.0,6904.014538861957,59.0,32.5,3173.0,5.2,1.39,21.8,31.7,0.93,38.4,77.1,335103.0,1.39,76.1,74.4,104.0,42.1,25.3,1.3,390.9097398111189,132.66,326.55,293.0,3170.0,27.0
United Kingdom,41855.0,92.63,11.4,1.2,2.2,0.93,8.54,49.0,0.27,0.59,6.3,0.0,1.8,4.3,11.0,23656.0,345.0,34.8,4620.0,6.9,1.65,35.32342777629535,27.8,0.97,40.6,78.9,14284.0,0.58,81.4,79.6,123.51360839987521,44.118755395737566,31.5,5.5,57.2,232.2,1454.85,188000.0,3450.0,8.45
United States,65134.0,191.97,9.8,5.0,3.7,0.93,7.92,47.0,0.69,0.69,1.1,0.01,36.0,6.5,11.707834008282433,15080.0,102.0,41.4,10624.0,14.5,1.71,32.3,36.2,0.96,38.5,76.8,35922.0,0.71,78.4,124.8,639.0,74.02021803545027,28.0,5.0,17.7,254.69,1292.61,275232.0,3800.0,8.55
Uruguay,16190.0,53.88,10.8,12.1,1.3997560506257383,0.82,8.61,34.64837889106882,0.41,0.58,0.1,0.0,0.11,7.1,13.0,6103.0,50.0,39.7,2169.0,18.8,1.96,39.0,27.9,0.68,35.5,68.6,65847.26207888965,0.36,77.1,98.6,337.0,97.1,24.0,4.9,-139.18978567162685,210.54,247.01,3231.0,2840.0,17.55
Uzbekistan,1756.0,39.2,2.7,1.1,2.4040031017621866,0.72,2.12,37.69277216421143,0.59,0.03,88.7,0.0,0.02,17.4,13.0,862.0,24.0,35.3,459.0,8.3,2.79,16.1,16.6,0.51,30.1,53.3,1682.0,1.41,73.0,20.7,68.0,99.8,22.4,6.3,631.9075273268761,130.81,10.9,1003.0,2560.0,12.05
Venezuela,4733.0,35.82957889135463,5.6,36.7,2.1267635930899536,0.71,2.76,31.68048265534138,0.79,0.88,0.4,0.0,0.04,24.2,11.944446394196056,10.32,23.0,46.9,384.0,2.1,2.25,28.24509288713159,25.6,0.71,30.0,25.9,18821.0,1.26,73.9,56.6,134.0,88.1,22.7,3.6,561.8803250739818,117.79,22.12,2275.0,2650.0,25.35
Vietnam,2715.0,66.38,8.3,1.5,2.1253820891402837,0.7,2.94,39.07106897303419,0.3,0.08,0.1,0.16,-3.668255502971803,19.9,14.0,1437.0,26.0,35.7,440.0,7.2,2.05,42.01043634187991,2.1,0.71,31.9,55.3,3194.0,1.0,73.7,28.6,128.0,76.9,22.8,4.3,16.6,16.36,44.86,24589.0,2780.0,24.45
Yemen,855.0,83.925001711704,0.1,6.8,1.9054058372855955,0.47,1.95,43.873735411063954,0.99,0.0,99.2,0.0,-0.9984002632303159,58.4,7.0,2030.6205242963333,21.0,36.7,192.87533381972935,7.1,3.7,30.9,17.1,0.27,19.8,49.44922220019953,797.0,2.33,66.6,14.7,53.0,13.7,23.0,5.2,1294.0,43.97,4.81,-1395.0479027592228,2050.0,23.85
Zambia,1292.0,93.13546336081271,4.8,5.4,1.755729439236874,0.58,4.86,41.88307740113552,0.95,0.96,1.0,0.0,1.4674065816969133,61.7,8.0,925.0,45.0,57.1,208.0,14.4,4.56,19.9,8.1,0.27,16.9,53.6,30170.217756422702,2.97,62.5,11.9,123.0,52.3,18.7,1.3,-125.43236785148633,9.71,12.28,30634.538501382922,1880.0,21.4
Zimbabwe,1464.0,80.25847872571785,4.8,7.5,2.0682308827708606,0.57,3.16,42.1805587334444,0.88,0.87,0.7,0.0,0.0,54.6,7.0,1528.4393426120369,77.0,44.3,198.0,23.6,3.53,18.3,15.5,0.31,20.5,40.4,30484.8102169162,2.28,60.7,15.2,127.0,81.1,19.9,6.1,848.0,31.9,24.86,232.0,2210.0,21.0
